sentiment,text,user,,
positive,RT @SKlausDev: Path to Data Science - Important technological and educational aspects for Data Science by @leo_fm_rocha in @TDataScience #D‚Ä¶,DataAugmented,,
positive,RT @GFItaliano: Our new program in Data Science and Management at @UniLUISS: Designed for talents who want to lead businesses into the digi‚Ä¶,DataAugmented,,
positive,Path to Data Science - Important technological and educational aspects for Data Science by @leo_fm_rocha in‚Ä¶ https://t.co/KzImEoPWB1,SKlausDev,,
positive,Our new program in Data Science and Management at @UniLUISS: Designed for talents who want to lead businesses into‚Ä¶ https://t.co/vuOAJ61Jyd,GFItaliano,,
neutral,Regression &amp; Classification with Machine Learning in R  \n4.5 hours | 1492 students  | February 2021 release \n\nüÜì LIN‚Ä¶ https://t.co/h3VYPA7Lns,comidoc,,
positive,Are you highly numerate with an education in maths/science and interested in working for an ethical business? We ar‚Ä¶ https://t.co/kWXuYEdEWK,carbonxgen,,
negative,HIRING: Data Science Manager - Remote Working (UK) / Remote - United Kingdom - https://t.co/3fR3OsiSQ1 #AI‚Ä¶ https://t.co/1rxHsNh0Bi,ai_jobsNET,,
positive,RT @Agimafr: üá¨üáß Ultimate Python Bootcamp For Data Science &amp; Machine Learning\nüîóhttps://t.co/PlFwaKlAAA\nFree for 59 hours\n#free #education #d‚Ä¶,py_data_sci,,
neutral,"What a doilum 'put the NHS at risk', let's just look at the data covid &amp; science of the 'danger' (risk).  \n\nVs the‚Ä¶ https://t.co/cP3XxFSbP6",St_Jizzy,,
neutral,RT @DrAmarMOH: This is what a health minister should be:\n1. Consults &amp; follows expert advice\n2. Follows the science &amp; data\n3. Plans for the‚Ä¶,nurafifhhh,,
neutral,‡∏≠‡∏¢‡∏≤‡∏Å‡πÄ‡∏£‡∏µ‡∏¢‡∏ô‡πÇ‡∏ó data science ‡∏≠‡∏µ‡∏Å‡πÉ‡∏ö‡πÅ‡∏ï‡πà‡∏Ç‡∏Å ‡∏ó‡∏≥‡∏ß‡∏¥‡∏à‡∏±‡∏¢‡πÅ‡∏£‡πâ‡∏ß‡∏ß‡∏ß‡∏ß‡∏ß,11th95s,,
neutral,RT @byLilyV: #FEATURED #COURSES\n\nMachine Learning A-ZÔøΩ: Hands-On Python &amp; R In Data Science\n\nLearn to create Machine Learning Algorithms in‚Ä¶,PythonExpertBot,,
positive,RT @RyanTScott: Apply to be a Data Curator w/ @NASAGeneLab @NASAAmes via Bionetics. Cant overstate how important science data curation is t‚Ä¶,DrMarieMtx,,
neutral,"@onnowpurbo kang,saya tertarik data science, basic saya perawat, punya kemampuan coding php otodidak, saya kerja di‚Ä¶ https://t.co/yXUUbz7JHc",winarnoright,,
neutral,RT @byLilyV: #FEATURED #COURSES\n\nMachine Learning A-ZÔøΩ: Hands-On Python &amp; R In Data Science\n\nLearn to create Machine Learning Algorithms in‚Ä¶,BlkHwk0ps,,
positive,How Computer &amp; Data Science Bootcamp Can Help Middle &amp; High School Students\n\nhttps://t.co/RYnzRjwS6r‚Ä¶ https://t.co/pOU3YNiZ9c,tanmoyray01,,
neutral,RT @byLilyV: #FEATURED #COURSES\n\nMachine Learning A-ZÔøΩ: Hands-On Python &amp; R In Data Science\n\nLearn to create Machine Learning Algorithms in‚Ä¶,DjangoBot_,,
neutral,RT @TDataScience: Deployment should be a priority in any commercial data science project by Paul Hiemstra  https://t.co/Qxe5feE3f9,Guvvalapavanku1,,
neutral,#FEATURED #COURSES\n\nMachine Learning A-ZÔøΩ: Hands-On Python &amp; R In Data Science\n\nLearn to create Machine Learning Al‚Ä¶ https://t.co/IDJcMe81Ic,byLilyV,,
neutral,RT @DrAmarMOH: This is what a health minister should be:\n1. Consults &amp; follows expert advice\n2. Follows the science &amp; data\n3. Plans for the‚Ä¶,echaazira1,,
negative,"RT @DaShaunLH: this is a bad faith argument considering how data works, who has access to doing this type of research, who stands to benefi‚Ä¶",greenfatiguuue,,
neutral,¬°Abierto el plazo de preinscripci√≥n en el #MasterDataScience de la @urjc!\n\nLa Ciencia de Datos ha llegado para qued‚Ä¶ https://t.co/MfPyMIuCWe,DSLAB_URJC,,
neutral,There's difference between big data and data science.,Jer1dah,,
positive,"@jon_prosser I actually enjoyed the event because I  understand alot of what they said. Obviously, majority of the‚Ä¶ https://t.co/NNQFMohgci",Shehan112233,,
neutral,RT @driainstyles: Join our @unibirmingham Turing Fellows @adbeggs @SylvieDelacroix and Jean-Baptiste Cazier @UoB_CCB on Monday 24th May 11a‚Ä¶,SMQB_UoB,,
negative,"RT @rebecamoreno: I‚Äôm speaking in a few hrs (13:00 CET) at #GoodTechFest about the use of big data, AI + other exponential technologies app‚Ä¶",XGargi,,
neutral,RT @ioChem_BD: With ioChem-BD you can generate DOIs for your #compchem data. This is what a DOI generated by ioChem-BD looks like when cite‚Ä¶,_open_science_,,
positive,RT @omarsar0: Python Data Science Handbook.\n\nAn excellent book for those seeking an introduction to data science and machine learning.\n\nCha‚Ä¶,missi_sabrina,,
positive,"Ok, let's say one vaccinated every single person, which is what the government want.\n\nWhere's the control group?\n\nH‚Ä¶ https://t.co/ZpNHsGEKSp",g10dc,,
neutral,"RT @onnowpurbo: Hari minggu tgl 23 Mei 2021, workshop AI, Machine Learning, Data Science menggunakan ORANGE. https://t.co/252HdZqNI2",rv_prd,,
neutral,Data science is not big data.,Jer1dah,,
neutral,"RT @onnowpurbo: Hari minggu tgl 23 Mei 2021, workshop AI, Machine Learning, Data Science menggunakan ORANGE. https://t.co/252HdZqNI2",erickfloors,,
positive,"RT @dmickai: this is why science communication is important, you wont convince people to get vaccines if you deliberately hide information.‚Ä¶",sharjaherin,,
neutral,RT @Kengome: Bioinformatics ‚â† systems biology ‚â† computational biology ‚â† data science,StayHome_Only,,
neutral,"RT @onnowpurbo: Hari minggu tgl 23 Mei 2021, workshop AI, Machine Learning, Data Science menggunakan ORANGE. https://t.co/252HdZqNI2",alexgufron,,
neutral,Now Hiring: Online Adjunct Teaching Professor-Data Science https://t.co/XAA6o6mlgv,DiversitySTEM1,,
positive,RT @KateLaskowski: I've been talking with folks lately about how do we best take care of our data? A lot of it has to do with documenting E‚Ä¶,the_wee_podcast,,
neutral,"RT @DataScience_Ea: 9 days to go!\n\nMeet our #Speaker, Catherine Gitau,@categitau_ ,a Data Scientist at @Africastalking and a NLP Engineer a‚Ä¶",godfrey_G_,,
neutral,RT @hamadjh_: Drive-thru Graduation experience üë®üèª‚Äçüéì\n\nMaster of science in Data analytics. https://t.co/cmUrnyjoUG,alhameli_ad,,
neutral,RT @bruno_nwogu: When I was doing data science.. it seemed everywhere I turned everyone was either a data scientist or learning it. \n\nNow I‚Ä¶,mike_odessy,,
neutral,RT @driainstyles: Join our @unibirmingham Turing Fellows @adbeggs @SylvieDelacroix and Jean-Baptiste Cazier @UoB_CCB on Monday 24th May 11a‚Ä¶,UoB_MDSRKTO,,
positive,"RT @oliverjumpertz: Machine Learning and Data Science in ... JavaScript?!\n\nYes, that's possible. Gladly, Python is not the only language th‚Ä¶",BlkHwk0ps,,
positive,During our last cluster day we looked at data handling. We have developed a video and resources to explore the skil‚Ä¶ https://t.co/Nd5K2hC3KQ,JctScience,,
positive,"RT @oliverjumpertz: Machine Learning and Data Science in ... JavaScript?!\n\nYes, that's possible. Gladly, Python is not the only language th‚Ä¶",StanislawRadew,,
negative,The media portrays Richard B. Stone as 70% negative based on recent news articles using data science #RichardB.Ston‚Ä¶ https://t.co/gwoScvlVsY,politic_nation,,
neutral,üö® One day left to apply üö®\n\nTo join our team on a short-term contract as our Data Science Lead üéâ #DataScience‚Ä¶ https://t.co/XhvVvpYRVe,DataKindUK,,
neutral,"Even though I am a human as a human just like you, I don‚Äôt do hacks to my body without knowledge or by reading some‚Ä¶ https://t.co/enNvzDiUwq",HixetaPhoenix,,
neutral,"RT @talkRADIO: Fears of the spread of the Indian variant in places like Bolton have prompted Tom Whipple, science editor at The Times, to l‚Ä¶",mfc815,,
positive,RT @omarsar0: Python Data Science Handbook.\n\nAn excellent book for those seeking an introduction to data science and machine learning.\n\nCha‚Ä¶,FWS_Dev,,
positive,"While I realise the much more pressing worries about sharing of HSE data online, as a health science academic I can‚Ä¶ https://t.co/ysN9XdW4j1",RoisinTCDNeuro,,
positive,"RT @UoL_UGrad_LSE: The University of London offers online BSc degrees in finance, accounting, economics, international relations, business‚Ä¶",Alexgta201,,
neutral,RT @Paula_Piccard: #datascience in a post-covid world https://t.co/j4marDBrdV,datasciencebot_,,
positive,"@GironaExpat @FatherCheesy So, with all due respect, you haven't a clue (really) what you're talking about.\nBefore‚Ä¶ https://t.co/AtJa6Xibr3",Trollolargh,,
neutral,"RT @professor_dave: When the authors trained their machine learning system, did they even stop to think that the input data are all the mos‚Ä¶",DaveDwarren,,
neutral,"RT @WGCethics: Your DNA, Your Say is a study of public perspectives on genomic data sharing across 22 countries, in 15 languages https://t.‚Ä¶",BPrainsack,,
neutral,"Fernando pardo es valenciano, de la tierra de la üòé luz. \nSe incorpora como becario al equipo de üíª #Datascience.\nGra‚Ä¶ https://t.co/PvELl6ar8H",Hocelot_Spain,,
neutral,"What does the next generation of #datascientists look like? Lexi Vessels, Senior Data Scientist at Hitachi Vantara‚Ä¶ https://t.co/StlrKi2ryW",KatalinVizi,,
neutral,RT @DrAmarMOH: This is what a health minister should be:\n1. Consults &amp; follows expert advice\n2. Follows the science &amp; data\n3. Plans for the‚Ä¶,elleaug,,
positive,RT @UoL_UGrad_LSE: Ready for a new chapter in your education and career? The University of London offers online BSc programmes in economics‚Ä¶,Alexgta201,,
positive,RT @KateLaskowski: I've been talking with folks lately about how do we best take care of our data? A lot of it has to do with documenting E‚Ä¶,erin_sira,,
neutral,"RT @onnowpurbo: Hari minggu tgl 23 Mei 2021, workshop AI, Machine Learning, Data Science menggunakan ORANGE. https://t.co/252HdZqNI2",mrahmat80,,
positive,"RT @OliviuG: @tes @ofqual Predicting exam performance is not a science, so making data driven doesn't make much difference. How can we expl‚Ä¶",sg9204,,
neutral,"@njdotcom Science and data, Murphy!  You said it throughout the pandemic. Now you are not following it. Shame on yo‚Ä¶ https://t.co/cgARCj7yLc",MommaOSU,,
neutral,"RT @hello_ouchhh: Ouchhh X Vincent Van Gogh_AI Datapainting is loading...\n\ndata as a paint, algorithm as a brush.\n\nStay tuned for big news‚Ä¶",charzie01,,
neutral,RT @TDataScience: Deployment should be a priority in any commercial data science project by Paul Hiemstra  https://t.co/Qxe5feE3f9,Simacoder,,
positive,RT @beyond_machine: Live presentation: Why Culture Matters in #DataScience?\nOur CEO had the chance to participate on a very interesting dis‚Ä¶,rush_data,,
neutral,RT @byLilyV: #FEATURED #COURSES\n\nMachine Learning A-ZÔøΩ: Hands-On Python &amp; R In Data Science\n\nLearn to create Machine Learning Algorithms in‚Ä¶,CoderRetweet,,
positive,Live presentation: Why Culture Matters in #DataScience?\nOur CEO had the chance to participate on a very interesting‚Ä¶ https://t.co/KMwAAbbOn2,beyond_machine,,
neutral,"RT @DataScience_Ea: 9 days to go!\n\nMeet our #Speaker, Dr. Paul Mungai, Director for Executive Programmes in Data Science at Strathmore Univ‚Ä¶",100DaysOf2020,,
positive,RT @UoL_UGrad_LSE: Ready for a new chapter in your education and career? The University of London offers online BSc programmes in economics‚Ä¶,nfszmnzdh,,
neutral,#LeadershipMatters \n#LeadersGonnaLead \n#leadingfromthefront \n#IStandWithDan \n#Istandwithbrett \n@DanielAndrewsMP \n\n‚Äú‚Ä¶ https://t.co/27aZRxz3vL,girl_lockdown,,
neutral,RT @driainstyles: Join our @unibirmingham Turing Fellows @adbeggs @SylvieDelacroix and Jean-Baptiste Cazier @UoB_CCB on Monday 24th May 11a‚Ä¶,wi_john,,
neutral,"RT @onnowpurbo: Hari minggu tgl 23 Mei 2021, workshop AI, Machine Learning, Data Science menggunakan ORANGE. https://t.co/252HdZqNI2",sunil_abraham,,
neutral,RT @driainstyles: Join our @unibirmingham Turing Fellows @adbeggs @SylvieDelacroix and Jean-Baptiste Cazier @UoB_CCB on Monday 24th May 11a‚Ä¶,SigularityHub,,
neutral,"RT @RichardEudes: Understanding Bioinformatics‚Ää‚Äî‚ÄäData Science With Biology Domain Knowledge https://t.co/vvId8gqXjn #bigdata, #datascience,‚Ä¶",accantec,,
neutral,Deployment should be a priority in any commercial data science project by Paul Hiemstra  https://t.co/Qxe5feE3f9,TDataScience,,
positive,#Companies across the world are increasingly adopting #AI for their smooth business #Operations.‚Ä¶ https://t.co/lq6w1w94y7,SciphicsTech,,
neutral,"Hari minggu tgl 23 Mei 2021, workshop AI, Machine Learning, Data Science menggunakan ORANGE. https://t.co/252HdZqNI2",onnowpurbo,,
neutral,5 . #DataScience Journal Club ‚Äî @fh_stpoelten  https://t.co/5YIn285mou H/T: @fh_stpoelten,saqibali_ca,,
positive,"RT @BigData_Fr: Cloud Adoption Conflict: Data Privacy vs. Data Science - https://t.co/7U7Iw0Lxng - thanks @RichardEudes #DataScience #DS,#B‚Ä¶",accantec,,
neutral,"A formidable application of computer science, it can assist us with once inconceivable tasks, such as detecting can‚Ä¶ https://t.co/DJlMM1eStg",KDRrecruitment,,
neutral,"RT @fh_stpoelten: 5. #DataScience Journal Club von und mit @bds_fhstp, dieses Mal zum Thema #Brainreading , am 28.5. von 11-12h. https://t.‚Ä¶",godfrey_G_,,
positive,"RT @UoL_UGrad_LSE: The University of London offers online BSc degrees in finance, accounting, economics, international relations, business‚Ä¶",MomShannyz,,
positive,"RT @AnalyticsFrance: 4 AI Trends that will Define the Future of Data Science - https://t.co/gDwet6yb25 - thanks @RichardEudes #Analytics,#B‚Ä¶",godfrey_G_,,
neutral,RT @DrAmarMOH: This is what a health minister should be:\n1. Consults &amp; follows expert advice\n2. Follows the science &amp; data\n3. Plans for the‚Ä¶,ropolsatan,,
positive,RT @marcusborba: Free eBooks: 100+ Free Data Science Books. #NeuralNetworks #MachineLearning #TensorFlow #100DaysOfCode #BigData #Analytics‚Ä¶,godfrey_G_,,
neutral,RT @NainaChaturved8: https://t.co/6VvCY7vwtl\n#Python #BigData #Analytics #DataScience #IoT #IIoT #RStats #DotNet #CPP #Java #Flutter #Tenso‚Ä¶,bot_tensorflow,,
neutral,@NicolasRoland @molengeek Cours en ligne: Datacamp pour √©tudier Data Science et R.,stefdegreef,,
neutral,RT @techsocialnet: Data Science Weekly Digest #1 https://t.co/cFCQE3tKZ8 via @techsocianetwork #data #DataScience #Ad,godfrey_G_,,
negative,"I‚Äôm speaking in a few hrs (13:00 CET) at #GoodTechFest about the use of big data, AI + other exponential technologi‚Ä¶ https://t.co/8Jqzizjr5b",rebecamoreno,,
neutral,"RT @DataScience_Ea: 9 days to go!\n\nMeet our #Speaker, Dr. Paul Mungai, Director for Executive Programmes in Data Science at Strathmore Univ‚Ä¶",godfrey_G_,,
positive,"How to turn #IoT #datascience into real #business value\nYou‚Äôve succeeded in connecting your devices, which are now‚Ä¶ https://t.co/CDENFYtWFv",YvesMulkers,,
neutral,RT @MikePotterTD: IBM brings Python data science platform Anaconda to Linux https://t.co/Vr6ZRLhNkR,LifeVidaVie,,
positive,"RT @UoL_UGrad_LSE: The University of London offers online BSc degrees in finance, accounting, economics, international relations, business‚Ä¶",PiaBjorkbacka,,
neutral,RT @Rwaq: ÿßÿ®ÿØÿ£ ÿ±ÿ≠ŸÑÿ™ŸÉ ŸÅŸä ÿ™ÿπŸÑŸèŸÖ ÿπŸÑŸÖ #ÿßŸÑÿ®ŸäÿßŸÜÿßÿ™ ŸàÿßŸÑÿ¢ŸÑÿ© ŸàÿßŸÑÿ∞ŸëŸÉÿßÿ° ÿßŸÑÿßÿµÿ∑ŸÜÿßÿπŸä ÿ®ÿßŸÑŸÑÿ∫ÿ© ÿßŸÑÿπÿ±ÿ®Ÿäÿ© ÿ¥ŸáÿßÿØÿ© ŸÖÿπÿ™ŸÖÿØÿ© ŸÖŸÜ ŸÖÿπŸáÿØ ŸÉŸàÿØÿØ ŸÅŸä ÿßŸÑŸÉŸàŸäÿ™ üá∞üáº @joincoded \nÿ≥ÿ¨ŸÑ‚Ä¶,alaskar_sameer,,
positive,RT @Agimafr: üá¨üáß Ultimate Python Bootcamp For Data Science &amp; Machine Learning\nüîóhttps://t.co/PlFwaKlAAA\nFree for 59 hours\n#free #education #d‚Ä¶,NVSData,,
neutral,"RT @schmarzo: Checking out \Unleashing the Business Value of Technology Part 2: Connecting t\"" on Data Science Central: https://t.co/8ep2nmV‚Ä¶""",rframingmotinn,,
negative,\Aerial data is commonly used as a base map to plan, map," and manage assets or to extract further information from‚Ä¶ https://t.co/m3CJmaRWlM""",fillingspace_
neutral,"Lockdown cannot be the ONLY solution. After lockdown and our cases decrease to 0, what is our exit strategy? Loosen‚Ä¶ https://t.co/fcQuVwHkNZ",MalaysiaReach,,
positive,RT @Agimafr: üá¨üáß Ultimate Python Bootcamp For Data Science &amp; Machine Learning\nüîóhttps://t.co/PlFwaKlAAA\nFree for 59 hours\n#free #education #d‚Ä¶,DataAugmented,,
